chat_id,role,message
1,Customer,My system is freezing after a recent update.
1,Agent,ASUS MyASUS is a tool that helps with detecting issues.
2,Customer,My system is slowing down after a recent update.
2,Agent,slow performance usually indicates driver issues. Try running diagnostics.
3,Customer,My system is freezing after installing new drivers.
3,Agent,slow performance usually indicates dust buildup. Try running diagnostics.
4,Customer,What is Dell SupportAssist?
4,Agent,Lenovo Vantage is used for updating your system.
5,Customer,How do I fix slow performance?
5,Agent,Dell SupportAssist is a tool that helps with monitoring performance.
6,Customer,How do I fix blue screen?
6,Agent,Dell SupportAssist is a tool that helps with detecting issues.
7,Customer,My system is crashing after a recent update.
7,Agent,Dell SupportAssist is used for detecting issues.
8,Customer,Can you help me with ASUS MyASUS?
8,Agent,ASUS MyASUS is used for detecting issues.
9,Customer,Can you help me with Dell SupportAssist?
9,Agent,blue screen usually indicates system conflicts. Try cleaning the vents.
10,Customer,How do I fix overheating?
10,Agent,blue screen usually indicates hardware failure. Try cleaning the vents.
11,Customer,I'm getting a overheating on boot.
11,Agent,You can resolve slow performance by updating drivers.
12,Customer,My system is slowing down after installing new drivers.
12,Agent,Dell SupportAssist is a tool that helps with updating your system.
13,Customer,Can you help me with ASUS MyASUS?
13,Agent,You can resolve no sound by updating drivers.
14,Customer,How do I fix overheating?
14,Agent,HP Smart is a tool that helps with updating your system.
15,Customer,What is Lenovo Vantage?
15,Agent,Lenovo Vantage is used for detecting issues.
16,Customer,What is Lenovo Vantage?
16,Agent,You can resolve no sound by restarting the device.
17,Customer,How do I fix overheating?
17,Agent,Dell SupportAssist is used for monitoring performance.
18,Customer,How do I fix no sound?
18,Agent,overheating usually indicates hardware failure. Try restarting the device.
19,Customer,How do I fix blue screen?
19,Agent,ASUS MyASUS is a tool that helps with running diagnostics.
20,Customer,My system is freezing after a recent update.
20,Agent,ASUS MyASUS is used for detecting issues.
21,Customer,What is ASUS MyASUS?
21,Agent,You can resolve blue screen by restarting the device.
22,Customer,What is ASUS MyASUS?
22,Agent,"Please try restarting the device. If that doesn't help, contact support."
23,Customer,Can you help me with ASUS MyASUS?
23,Agent,HP Smart is a tool that helps with updating your system.
24,Customer,Can you help me with Dell SupportAssist?
24,Agent,"Please try running diagnostics. If that doesn't help, contact support."
25,Customer,I'm getting a blue screen on boot.
25,Agent,"Please try cleaning the vents. If that doesn't help, contact support."
26,Customer,I'm getting a blue screen on shutdown.
26,Agent,HP Smart is a tool that helps with running diagnostics.
27,Customer,What is Lenovo Vantage?
27,Agent,You can resolve overheating by updating drivers.
28,Customer,How do I fix overheating?
28,Agent,"Please try updating drivers. If that doesn't help, contact support."
29,Customer,How do I fix fan error?
29,Agent,slow performance usually indicates hardware failure. Try restarting the device.
30,Customer,Can you help me with Dell SupportAssist?
30,Agent,Dell SupportAssist is a tool that helps with updating your system.
31,Customer,My system is freezing after a recent update.
31,Agent,Lenovo Vantage is a tool that helps with updating your system.
32,Customer,Can you help me with ASUS MyASUS?
32,Agent,"Please try cleaning the vents. If that doesn't help, contact support."
33,Customer,Can you help me with Lenovo Vantage?
33,Agent,HP Smart is a tool that helps with updating your system.
34,Customer,How do I fix fan error?
34,Agent,Dell SupportAssist is used for detecting issues.
35,Customer,My system is slowing down after a recent update.
35,Agent,Lenovo Vantage is used for monitoring performance.
36,Customer,Can you help me with HP Smart?
36,Agent,"Please try restarting the device. If that doesn't help, contact support."
37,Customer,What is HP Smart?
37,Agent,overheating usually indicates hardware failure. Try running diagnostics.
38,Customer,How do I fix no sound?
38,Agent,HP Smart is a tool that helps with detecting issues.
39,Customer,Can you help me with Dell SupportAssist?
39,Agent,Lenovo Vantage is a tool that helps with detecting issues.
40,Customer,My system is crashing after installing new drivers.
40,Agent,Lenovo Vantage is used for monitoring performance.
41,Customer,Can you help me with Lenovo Vantage?
41,Agent,Dell SupportAssist is a tool that helps with monitoring performance.
42,Customer,I'm getting a blue screen on startup.
42,Agent,ASUS MyASUS is a tool that helps with monitoring performance.
43,Customer,My system is freezing after installing new drivers.
43,Agent,Dell SupportAssist is used for monitoring performance.
44,Customer,How do I fix overheating?
44,Agent,ASUS MyASUS is used for detecting issues.
45,Customer,Can you help me with HP Smart?
45,Agent,blue screen usually indicates driver issues. Try restarting the device.
46,Customer,Can you help me with HP Smart?
46,Agent,You can resolve slow performance by running diagnostics.
47,Customer,My system is slowing down after a recent update.
47,Agent,overheating usually indicates system conflicts. Try updating drivers.
48,Customer,How do I fix blue screen?
48,Agent,"Please try restarting the device. If that doesn't help, contact support."
49,Customer,Can you help me with ASUS MyASUS?
49,Agent,overheating usually indicates dust buildup. Try running diagnostics.
50,Customer,Can you help me with ASUS MyASUS?
50,Agent,HP Smart is used for monitoring performance.
51,Customer,How do I fix fan error?
51,Agent,no sound usually indicates driver issues. Try updating drivers.
52,Customer,What is ASUS MyASUS?
52,Agent,Lenovo Vantage is used for running diagnostics.
53,Customer,How do I fix overheating?
53,Agent,You can resolve fan error by restarting the device.
54,Customer,My system is slowing down after connecting to Wi-Fi.
54,Agent,Dell SupportAssist is used for updating your system.
55,Customer,My system is freezing after connecting to Wi-Fi.
55,Agent,Dell SupportAssist is used for updating your system.
56,Customer,What is ASUS MyASUS?
56,Agent,Lenovo Vantage is used for running diagnostics.
57,Customer,How do I fix blue screen?
57,Agent,fan error usually indicates driver issues. Try running diagnostics.
58,Customer,What is Lenovo Vantage?
58,Agent,Dell SupportAssist is a tool that helps with updating your system.
59,Customer,I'm getting a fan error on startup.
59,Agent,Lenovo Vantage is a tool that helps with running diagnostics.
60,Customer,I'm getting a no sound on shutdown.
60,Agent,You can resolve fan error by updating drivers.
61,Customer,How do I fix fan error?
61,Agent,no sound usually indicates hardware failure. Try updating drivers.
62,Customer,How do I fix fan error?
62,Agent,HP Smart is a tool that helps with monitoring performance.
63,Customer,I'm getting a no sound on boot.
63,Agent,blue screen usually indicates system conflicts. Try updating drivers.
64,Customer,Can you help me with ASUS MyASUS?
64,Agent,HP Smart is a tool that helps with detecting issues.
65,Customer,What is Lenovo Vantage?
65,Agent,You can resolve no sound by running diagnostics.
66,Customer,What is HP Smart?
66,Agent,"Please try updating drivers. If that doesn't help, contact support."
67,Customer,What is ASUS MyASUS?
67,Agent,You can resolve fan error by cleaning the vents.
68,Customer,I'm getting a fan error on startup.
68,Agent,You can resolve overheating by updating drivers.
69,Customer,What is ASUS MyASUS?
69,Agent,"Please try cleaning the vents. If that doesn't help, contact support."
70,Customer,What is HP Smart?
70,Agent,"Please try running diagnostics. If that doesn't help, contact support."
71,Customer,What is Dell SupportAssist?
71,Agent,fan error usually indicates driver issues. Try restarting the device.
72,Customer,What is HP Smart?
72,Agent,Dell SupportAssist is used for updating your system.
73,Customer,What is HP Smart?
73,Agent,fan error usually indicates system conflicts. Try cleaning the vents.
74,Customer,Can you help me with Dell SupportAssist?
74,Agent,You can resolve no sound by restarting the device.
75,Customer,My system is crashing after installing new drivers.
75,Agent,ASUS MyASUS is used for monitoring performance.
76,Customer,How do I fix blue screen?
76,Agent,Dell SupportAssist is a tool that helps with running diagnostics.
77,Customer,My system is slowing down after a recent update.
77,Agent,blue screen usually indicates hardware failure. Try running diagnostics.
78,Customer,Can you help me with ASUS MyASUS?
78,Agent,HP Smart is a tool that helps with detecting issues.
79,Customer,Can you help me with HP Smart?
79,Agent,"Please try running diagnostics. If that doesn't help, contact support."
80,Customer,How do I fix no sound?
80,Agent,You can resolve slow performance by restarting the device.
81,Customer,My system is slowing down after installing new drivers.
81,Agent,Dell SupportAssist is used for monitoring performance.
82,Customer,I'm getting a blue screen on startup.
82,Agent,Lenovo Vantage is used for running diagnostics.
83,Customer,What is HP Smart?
83,Agent,HP Smart is a tool that helps with updating your system.
84,Customer,How do I fix overheating?
84,Agent,You can resolve no sound by running diagnostics.
85,Customer,I'm getting a blue screen on shutdown.
85,Agent,"Please try restarting the device. If that doesn't help, contact support."
86,Customer,My system is freezing after connecting to Wi-Fi.
86,Agent,Lenovo Vantage is a tool that helps with detecting issues.
87,Customer,My system is slowing down after a recent update.
87,Agent,HP Smart is a tool that helps with updating your system.
88,Customer,How do I fix no sound?
88,Agent,Dell SupportAssist is a tool that helps with updating your system.
89,Customer,What is ASUS MyASUS?
89,Agent,You can resolve blue screen by restarting the device.
90,Customer,How do I fix overheating?
90,Agent,overheating usually indicates driver issues. Try updating drivers.
91,Customer,Can you help me with Lenovo Vantage?
91,Agent,You can resolve fan error by updating drivers.
92,Customer,Can you help me with HP Smart?
92,Agent,"Please try restarting the device. If that doesn't help, contact support."
93,Customer,I'm getting a overheating on shutdown.
93,Agent,Lenovo Vantage is a tool that helps with monitoring performance.
94,Customer,What is HP Smart?
94,Agent,Lenovo Vantage is a tool that helps with detecting issues.
95,Customer,My system is freezing after a recent update.
95,Agent,You can resolve no sound by updating drivers.
96,Customer,Can you help me with Lenovo Vantage?
96,Agent,overheating usually indicates driver issues. Try restarting the device.
97,Customer,How do I fix slow performance?
97,Agent,"Please try cleaning the vents. If that doesn't help, contact support."
98,Customer,My system is freezing after a recent update.
98,Agent,ASUS MyASUS is used for monitoring performance.
99,Customer,My system is crashing after a recent update.
99,Agent,ASUS MyASUS is used for detecting issues.
100,Customer,What is Dell SupportAssist?
100,Agent,You can resolve overheating by running diagnostics.
